{
    "778": {
        "mappings": {
            "t-SNE": [
                -58.13238525390625,
                5.219181060791016
            ],
            "PCA": [
                1, 2
            ]
        },
        "factors": {
            "cluster": "Inhibitory CP"
        },
        "genes": {
            "Gad2": 35,
            "Slc32a1": 41
        },
        "xy": [
            18171.230942376023,
            24590.795274569497
        ],
        "poly": [
            [1, 2],
            [3, 4],
            [5, 6]
        ]
    }
}
